"","age","racem","ugloanr","actcap","actded","actmgt","actrd","actrdt","actres","acttch","bapbpr","bayr","chchg","chcon","chfam","chlay","chloc","chot","chpay","chret","chsch","ctzfor","dgrdg","dgryr","eddad","edmom","emrg","emsecdt","facadv","facben","facchal","facind","facloc","facresp","facsal","facsec","facsoc"
"1",33,"3","12","N","N","Y","N","N","N","N","1",2008,"L","L","L","L","L","L","L","L","L","L","2",2015,"2","1","09","11","1","1","2","2","2","3","1","1","2"
"2",31,"4","02","N","N","Y","N","N","N","N","1",2007,"L","L","L","L","L","L","L","L","L","L","2",2009,"5","5","03","21","1","1","2","2","1","2","1","1","2"
"3",32,"4","05","N","N","Y","N","Y","N","Y","2",2007,"L","L","L","L","L","L","L","L","L","L","2",2010,"2","2","03","12","2","1","1","2","1","2","1","1","1"
"4",35,"2","08","L","L","L","L","L","L","L","2",2003,"L","L","L","L","L","L","L","L","L","L","4",2008,"3","4","L","L","2","2","1","1","1","1","2","2","1"
"5",32,"4","02","N","N","Y","N","N","N","N","1",2005,"L","L","L","L","L","L","L","L","L","L","1",2005,"5","3","07","21","2","1","2","2","1","2","1","1","2"
"6",33,"3","07","N","N","Y","N","Y","N","Y","1",2006,"L","L","L","L","L","L","L","L","L","L","1",2006,"3","4","05","12","2","1","2","2","2","2","1","1","1"
"7",32,"4","02","N","Y","N","Y","Y","N","Y","1",2006,"L","L","L","L","L","L","L","L","L","L","2",2008,"4","5","01","12","1","1","2","2","1","2","2","1","1"
"8",32,"1","02","N","Y","N","Y","Y","N","N","1",2007,"L","L","L","L","L","L","L","L","L","L","2",2012,"2","2","01","21","2","2","2","2","2","2","2","2","2"
"9",33,"4","12","N","N","Y","N","N","N","N","2",2007,"L","L","L","L","L","L","L","L","L","L","1",2007,"7","3","01","21","2","2","2","2","2","2","2","2","2"
"10",33,"4","07","N","N","N","N","Y","N","Y","1",2006,"L","L","L","L","L","L","L","L","L","L","2",2008,"3","4","03","12","1","1","2","1","1","2","1","1","2"
"11",31,"4","05","N","Y","N","Y","Y","N","N","1",2008,"N","Y","N","N","N","N","Y","N","N","L","1",2008,"3","3","04","21","2","1","2","2","2","3","1","2","3"
"12",31,"4","12","Y","N","Y","N","N","N","N","2",2007,"Y","Y","N","N","Y","N","Y","N","N","L","1",2007,"3","2","01","21","1","1","2","3","2","3","1","2","4"
"13",33,"4","04","N","N","Y","N","N","N","N","2",2007,"N","Y","N","N","N","N","Y","N","N","L","1",2007,"2","3","02","21","1","1","2","2","1","2","1","1","2"
"14",32,"4","03","L","L","L","L","L","L","L","1",2006,"L","L","L","L","L","L","L","L","L","L","1",2006,"2","2","L","L","2","2","1","1","1","2","2","2","1"
"15",35,"1","02","L","L","L","L","L","L","L","L",2004,"L","L","L","L","L","L","L","L","L","2","2",2009,"7","4","L","L","1","1","1","2","3","1","1","2","1"
"16",32,"4","06","N","N","N","N","Y","N","Y","1",2007,"L","L","L","L","L","L","L","L","L","L","1",2007,"2","7","05","31","1","1","1","1","1","1","2","2","1"
"17",34,"4","02","N","N","N","N","N","N","N","1",2005,"L","L","L","L","L","L","L","L","L","L","2",2008,"7","4","07","31","1","1","2","2","2","2","1","1","2"
"18",32,"4","10","N","N","Y","N","N","N","N","1",2007,"N","N","N","N","N","N","Y","N","N","L","1",2007,"4","3","07","21","1","1","2","2","3","2","1","1","2"
"19",32,"4","02","N","N","Y","N","N","N","N","1",2005,"L","L","L","L","L","L","L","L","L","L","2",2010,"3","1","07","12","2","1","2","1","1","1","1","1","2"
"20",30,"3","09","N","N","N","Y","Y","Y","N","1",2008,"Y","N","N","N","N","N","Y","N","N","L","2",2013,"4","4","05","32","1","1","2","2","1","2","1","1","2"
"21",34,"4","04","N","N","Y","N","N","N","N","2",2005,"Y","Y","N","N","Y","N","Y","N","N","L","2",2013,"3","4","09","21","1","1","1","1","1","2","1","1","2"
"22",33,"4","02","N","N","Y","N","N","N","N","2",2005,"L","L","L","L","L","L","L","L","L","L","1",2005,"3","3","06","21","1","1","1","1","1","1","1","1","1"
"23",33,"4","02","L","L","L","L","L","L","L","1",2005,"L","L","L","L","L","L","L","L","L","L","1",2005,"2","2","L","L","2","1","2","2","1","2","1","2","1"
"24",33,"4","02","N","N","Y","N","N","N","N","1",2007,"L","L","L","L","L","L","L","L","L","L","2",2013,"4","4","08","21","1","1","1","1","1","1","1","1","1"
"25",29,"4","02","N","N","Y","Y","Y","Y","N","2",2009,"L","L","L","L","L","L","L","L","L","L","1",2009,"6","4","09","21","1","3","1","1","2","1","2","2","1"
"26",32,"3","03","N","N","Y","N","N","N","N","1",2006,"N","Y","N","N","N","N","Y","N","N","L","1",2006,"3","3","09","22","2","1","3","2","2","2","1","1","2"
"27",33,"1","04","N","N","N","N","Y","N","Y","2",2006,"N","N","N","Y","N","N","N","N","N","L","4",2010,"6","4","03","21","2","1","2","2","1","2","1","1","1"
"28",30,"4","02","N","N","Y","N","N","N","N","1",2008,"Y","Y","N","N","N","N","Y","N","N","L","3",2013,"4","3","09","23","1","1","1","1","1","1","1","1","1"
"29",32,"1","02","N","N","N","N","N","N","N","1",2007,"L","L","L","L","L","L","L","L","L","L","1",2007,"4","3","09","21","1","1","2","2","2","2","1","2","2"
"30",31,"1","05","Y","N","N","N","N","N","N","1",2007,"L","L","L","L","L","L","L","L","L","L","1",2007,"4","4","09","21","1","1","1","2","1","2","2","2","2"
"31",32,"4","06","Y","N","Y","N","N","N","N","2",2007,"L","L","L","L","L","L","L","L","L","L","1",2007,"4","4","09","21","2","1","1","1","1","4","1","2","2"
"32",35,"4","04","N","N","Y","N","Y","N","Y","1",2005,"L","L","L","L","L","L","L","L","L","L","2",2012,"5","5","03","12","2","1","2","2","2","2","1","1","2"
"33",33,"4","02","N","N","N","N","Y","N","Y","1",2007,"L","L","L","L","L","L","L","L","L","L","2",2014,"4","4","08","12","1","1","1","1","1","2","2","1","1"
"34",30,"4","06","N","N","N","N","Y","N","Y","1",2008,"N","Y","N","N","Y","N","Y","N","N","L","2",2013,"3","5","01","23","2","2","1","1","2","1","1","1","1"
"35",31,"1","02","N","N","Y","N","N","N","N","1",2007,"N","Y","N","N","Y","N","Y","N","N","L","2",2011,"3","4","09","23","2","1","1","1","1","2","1","1","1"
"36",35,"4","03","N","Y","Y","Y","Y","N","N","1",2005,"L","L","L","L","L","L","L","L","L","L","1",2005,"2","2","05","21","2","1","1","1","1","1","1","1","1"
"37",34,"4","04","N","Y","N","Y","Y","Y","N","1",2005,"N","Y","N","N","N","N","Y","N","N","L","2",2009,"4","5","01","23","1","1","1","1","1","1","1","1","1"
"38",33,"3","12","N","N","Y","Y","Y","Y","N","2",2006,"L","L","L","L","L","L","L","L","L","L","2",2011,"2","2","05","31","1","1","1","1","1","1","1","1","1"
"39",31,"4","04","N","Y","Y","Y","Y","N","N","2",2007,"Y","N","N","N","N","N","N","N","Y","L","2",2008,"5","4","03","23","2","1","2","3","3","2","1","1","2"
"40",35,"4","04","N","N","Y","N","Y","N","Y","1",2005,"L","L","L","L","L","L","L","L","L","L","1",2005,"8","2","03","12","2","1","1","1","2","1","1","1","1"
"41",34,"1","03","N","N","Y","N","N","N","N","L",2006,"L","L","L","L","L","L","L","L","L","L","1",2006,"3","4","03","21","1","1","1","2","1","1","1","1","1"
"42",31,"4","02","N","N","Y","Y","Y","Y","N","1",2007,"N","N","N","N","Y","N","N","N","N","L","2",2010,"4","3","05","23","2","1","2","2","1","2","1","1","2"
"43",31,"4","02","N","Y","N","Y","Y","N","N","1",2008,"N","N","N","N","Y","N","N","N","N","L","1",2008,"2","2","03","21","3","2","3","2","1","3","2","2","2"
"44",31,"4","02","N","N","N","Y","Y","Y","N","1",2008,"L","L","L","L","L","L","L","L","L","L","1",2008,"2","5","03","11","2","2","1","1","1","2","2","1","1"
"45",33,"4","02","N","N","Y","N","N","N","N","2",2006,"L","L","L","L","L","L","L","L","L","L","1",2006,"5","3","06","32","2","1","2","1","1","2","1","1","2"
"46",34,"4","03","N","N","N","Y","Y","Y","N","1",2005,"L","L","L","L","L","L","L","L","L","L","1",2005,"2","3","07","21","2","1","2","1","1","2","1","1","2"
"47",35,"4","02","N","N","Y","N","N","N","N","1",2003,"L","L","L","L","L","L","L","L","L","L","2",2005,"5","4","01","21","2","2","2","2","1","2","2","2","2"
"48",32,"5","05","N","N","Y","N","N","N","N","1",2007,"L","L","L","L","L","L","L","L","L","L","1",2007,"6","4","01","21","3","1","3","2","2","3","1","2","1"
"49",30,"4","05","N","N","Y","N","N","N","N","1",2008,"L","L","L","L","L","L","L","L","L","L","1",2008,"4","3","03","11","2","1","2","2","1","2","1","1","3"
"50",33,"4","04","N","Y","Y","Y","Y","N","N","1",2007,"L","L","L","L","L","L","L","L","L","L","1",2007,"4","4","04","21","1","2","1","1","2","1","2","1","1"
"51",35,"4","02","N","N","N","Y","Y","Y","Y","1",2007,"L","L","L","L","L","L","L","L","L","L","1",2007,"2","1","08","12","2","1","2","2","1","2","1","1","1"
"52",31,"4","02","L","L","L","L","L","L","L","2",2008,"L","L","L","L","L","L","L","L","L","L","1",2008,"5","5","L","L","1","2","1","2","2","2","2","1","1"
"53",35,"4","08","N","Y","Y","Y","Y","N","N","2",2006,"Y","Y","N","N","N","N","Y","N","N","L","1",2006,"3","2","02","21","2","1","2","1","1","2","1","2","2"
"54",35,"4","11","N","N","N","N","N","N","N","2",2003,"L","L","L","L","L","L","L","L","L","L","2",2010,"3","3","02","23","1","1","1","1","1","1","1","1","1"
"55",35,"1","02","Y","N","N","N","N","N","N","1",2003,"L","L","L","L","L","L","L","L","L","L","1",2003,"4","1","02","21","1","1","2","3","2","2","1","1","3"
"56",30,"3","06","N","N","Y","N","N","N","N","2",2008,"L","L","L","L","L","L","L","L","L","L","1",2008,"7","1","05","21","1","1","1","1","2","1","1","1","2"
"57",35,"4","02","N","N","Y","N","N","N","N","1",2004,"L","L","L","L","L","L","L","L","L","L","1",2004,"4","3","05","21","1","2","1","1","1","2","1","1","1"
"58",32,"4","08","N","N","Y","N","N","N","N","2",2007,"L","L","L","L","L","L","L","L","L","L","2",2010,"5","7","03","11","1","1","1","1","1","1","2","1","1"
"59",30,"1","02","Y","N","Y","N","N","N","N","L",2008,"Y","N","N","N","N","N","Y","N","N","2","2",2010,"4","4","09","21","1","2","1","1","1","1","2","1","2"
"60",31,"4","02","Y","N","N","Y","Y","Y","N","2",2007,"L","L","L","L","L","L","L","L","L","L","3",2013,"5","4","03","11","1","2","1","1","1","1","2","2","2"
"61",33,"4","04","N","N","Y","N","N","N","N","1",2008,"L","L","L","L","L","L","L","L","L","L","1",2008,"4","5","02","21","2","1","2","1","1","2","1","2","2"
"62",33,"3","02","Y","N","N","N","N","N","N","1",2006,"L","L","L","L","L","L","L","L","L","L","2",2007,"3","5","06","31","1","1","2","3","2","3","1","2","3"
"63",30,"1","02","N","N","N","N","N","N","N","1",2008,"L","L","L","L","L","L","L","L","L","L","2",2013,"8","4","07","21","2","1","1","2","2","2","1","2","1"
"64",30,"6","07","N","Y","N","Y","Y","Y","N","2",2008,"L","L","L","L","L","L","L","L","L","L","1",2008,"4","4","05","21","1","1","1","2","2","1","1","1","1"
"65",35,"1","02","N","N","N","N","Y","N","Y","L",2003,"N","N","Y","N","Y","N","N","N","N","2","2",2008,"8","8","06","11","1","1","1","1","1","1","1","1","2"
"66",33,"4","02","N","N","N","N","N","N","N","1",2005,"L","L","L","L","L","L","L","L","L","L","4",2008,"4","4","06","22","1","3","2","2","2","2","2","1","1"
"67",34,"4","02","N","N","N","N","N","N","N","1",2005,"N","Y","N","N","N","N","Y","N","N","L","4",2009,"5","5","08","21","2","1","3","2","2","2","1","1","3"
"68",33,"4","02","Y","N","N","N","N","N","N","1",2007,"N","Y","N","N","N","N","Y","N","N","L","1",2007,"4","4","08","21","2","1","1","2","1","2","1","3","2"
"69",32,"4","05","N","N","Y","N","N","N","N","1",2006,"L","L","L","L","L","L","L","L","L","L","1",2006,"2","2","03","31","2","1","2","2","1","2","1","2","2"
"70",32,"1","02","Y","N","Y","N","N","N","N","1",2007,"L","L","L","L","L","L","L","L","L","2","1",2007,"4","1","07","32","1","1","1","1","4","2","1","2","2"
"71",33,"4","02","L","L","L","L","L","L","L","1",2006,"L","L","L","L","L","L","L","L","L","L","1",2006,"3","4","L","L","2","1","1","1","1","1","1","3","1"
"72",31,"4","08","N","N","Y","N","N","N","N","2",2007,"L","L","L","L","L","L","L","L","L","L","1",2007,"5","5","09","21","1","1","2","1","1","2","1","1","2"
"73",32,"4","06","N","N","Y","N","N","N","N","2",2006,"L","L","L","L","L","L","L","L","L","L","1",2006,"2","2","09","21","1","2","1","2","2","2","2","2","1"
"74",33,"1","02","N","N","Y","N","N","N","N","L",2005,"L","L","L","L","L","L","L","L","L","L","1",2005,"3","4","09","22","1","2","1","1","1","2","1","1","1"
"75",31,"4","02","N","N","Y","N","N","N","N","1",2006,"L","L","L","L","L","L","L","L","L","L","1",2006,"5","5","05","22","2","4","1","1","1","1","1","3","1"
"76",35,"4","04","N","N","N","Y","Y","Y","N","1",2004,"L","L","L","L","L","L","L","L","L","L","1",2004,"2","3","09","21","2","1","2","1","1","2","1","1","2"
"77",34,"1","07","N","N","Y","N","N","N","N","1",2005,"L","L","L","L","L","L","L","L","L","L","2",2014,"3","6","09","21","2","2","1","1","3","2","1","2","1"
"78",35,"4","02","N","Y","N","Y","Y","N","N","1",2004,"N","Y","Y","N","N","N","N","N","N","L","2",2009,"5","3","09","23","1","3","1","1","2","1","2","2","1"
"79",35,"4","02","N","Y","Y","Y","Y","N","N","2",2009,"L","L","L","L","L","L","L","L","L","L","1",2009,"3","2","09","31","1","1","1","1","1","1","1","1","1"
"80",31,"1","02","N","N","Y","Y","Y","Y","N","1",2008,"Y","N","N","N","N","N","Y","N","N","L","2",2012,"4","5","09","21","1","1","1","1","2","2","1","2","1"
"81",33,"4","02","N","N","Y","N","N","N","N","1",2005,"L","L","L","L","L","L","L","L","L","L","2",2011,"3","3","09","21","2","2","1","1","2","1","2","2","1"
"82",35,"4","02","N","N","N","N","N","N","N","1",2005,"L","L","L","L","L","L","L","L","L","L","2",2005,"2","4","08","21","2","2","1","1","1","3","1","3","2"
"83",32,"4","01","Y","Y","N","Y","Y","N","N","L",9998,"L","L","L","L","L","L","L","L","L","L","2",2005,"5","5","09","21","2","1","2","3","3","4","1","2","4"
"84",31,"6","12","N","N","Y","N","N","N","N","2",2007,"N","Y","N","N","N","N","Y","N","N","L","4",2011,"2","3","08","21","1","2","1","2","1","1","2","2","2"
"85",35,"4","10","N","N","Y","N","N","N","N","2",2003,"N","N","N","N","N","N","Y","N","N","L","1",2003,"3","4","08","21","2","1","2","1","2","2","1","1","2"
"86",34,"4","02","N","N","Y","N","N","N","N","1",2005,"Y","Y","Y","N","N","N","Y","N","N","L","2",2016,"2","4","08","12","1","1","1","1","1","1","1","1","1"
"87",34,"4","04","N","N","Y","N","N","N","N","2",2005,"L","L","L","L","L","L","L","L","L","L","4",2008,"6","4","01","21","1","1","1","1","1","1","1","1","2"
"88",35,"4","05","N","Y","N","Y","Y","Y","N","2",2004,"L","L","L","L","L","L","L","L","L","L","2",2008,"3","3","01","21","2","1","2","1","1","2","1","1","2"
"89",32,"4","05","N","N","Y","N","Y","N","Y","2",2006,"L","L","L","L","L","L","L","L","L","L","1",2006,"4","4","05","21","2","1","2","2","2","2","1","1","1"
"90",35,"1","02","N","Y","Y","Y","Y","N","N","L",2003,"L","L","L","L","L","L","L","L","L","2","2",2013,"5","4","01","21","1","2","1","2","1","1","1","2","2"
"91",34,"1","02","N","N","Y","N","N","N","N","L",2003,"L","L","L","L","L","L","L","L","L","2","2",2013,"5","4","01","21","1","1","1","1","1","1","1","1","1"
"92",31,"4","11","N","Y","Y","Y","Y","N","N","1",2007,"N","Y","N","N","Y","N","Y","N","N","L","1",2007,"5","3","05","21","1","1","1","2","1","1","1","2","1"
"93",35,"4","02","N","N","Y","N","N","N","N","2",2003,"N","N","N","N","N","N","N","N","Y","L","2",2007,"6","6","08","21","2","2","2","2","2","2","2","2","2"
"94",35,"4","08","L","L","L","L","L","L","L","L",2006,"L","L","L","L","L","L","L","L","L","L","1",2006,"1","4","L","L","2","2","2","2","2","2","2","2","2"
"95",30,"4","04","N","N","Y","N","N","N","N","1",2008,"Y","Y","N","N","N","N","Y","N","N","L","2",2012,"5","3","05","32","1","1","2","2","2","2","1","1","2"
"96",31,"4","02","N","N","Y","Y","Y","Y","N","1",2008,"Y","N","N","N","N","N","Y","N","N","L","1",2008,"5","5","05","21","1","1","2","1","1","2","1","1","2"
"97",33,"4","04","N","N","N","N","Y","N","Y","2",2006,"L","L","L","L","L","L","L","L","L","L","1",2006,"5","5","05","12","2","1","2","2","1","2","1","1","3"
"98",32,"4","04","Y","N","N","N","N","N","N","1",2007,"N","Y","N","N","N","N","Y","N","N","L","1",2007,"2","2","05","21","1","1","2","2","1","2","1","1","2"
"99",33,"1","02","L","L","L","L","L","L","L","L",2004,"L","L","L","L","L","L","L","L","L","2","1",2004,"4","5","L","L","L","L","L","L","L","L","L","L","L"
"100",34,"4","02","N","N","N","N","N","N","N","1",2005,"Y","Y","N","N","N","N","Y","N","N","L","1",2005,"5","4","05","21","2","2","1","2","1","2","2","2","2"
"101",35,"4","02","N","N","N","Y","Y","Y","Y","1",2003,"Y","N","N","N","Y","Y","N","N","N","L","3",2011,"5","5","05","11","1","1","1","1","1","1","1","1","1"
"102",31,"4","04","N","N","Y","N","N","N","N","1",2007,"L","L","L","L","L","L","L","L","L","L","2",2009,"7","4","05","32","1","1","1","1","2","1","1","1","1"
"103",32,"4","02","N","N","N","N","N","N","N","1",2007,"L","L","L","L","L","L","L","L","L","L","2",2010,"3","3","09","31","1","1","1","1","1","2","1","1","1"
"104",32,"4","03","N","Y","Y","Y","Y","N","N","1",2006,"L","L","L","L","L","L","L","L","L","L","2",2010,"5","4","03","21","2","1","2","2","2","2","1","1","2"
"105",35,"4","02","N","Y","Y","Y","Y","N","N","1",2004,"N","Y","N","N","N","N","Y","N","N","L","2",2010,"5","2","02","21","2","2","1","2","1","2","3","2","1"
"106",31,"1","02","N","N","Y","N","N","N","N","L",2007,"Y","Y","Y","N","Y","N","Y","N","Y","L","1",2007,"4","4","03","21","1","1","1","1","1","1","1","1","1"
"107",29,"3","03","N","N","Y","N","N","N","N","2",2009,"L","L","L","L","L","L","L","L","L","L","4",2013,"2","4","03","32","1","2","1","3","3","3","2","1","2"
"108",35,"1","03","N","Y","N","Y","Y","N","N","L",2002,"L","L","L","L","L","L","L","L","L","2","2",2006,"4","4","07","21","1","1","1","1","2","1","1","1","1"
"109",31,"1","12","N","N","Y","N","N","N","N","2",2008,"L","L","L","L","L","L","L","L","L","L","4",2012,"4","3","07","23","2","2","2","2","1","2","2","2","2"
"110",33,"4","02","N","N","N","N","N","N","N","2",2005,"N","Y","N","N","N","N","N","N","N","L","2",2012,"5","5","03","23","2","1","2","1","1","2","1","2","2"
"111",33,"4","02","N","N","Y","N","N","N","N","2",2006,"L","L","L","L","L","L","L","L","L","L","1",2006,"7","4","03","23","2","1","1","2","1","2","2","2","1"
"112",31,"4","02","L","L","L","L","L","L","L","1",2007,"L","L","L","L","L","L","L","L","L","L","3",2009,"4","2","L","L","3","2","3","2","1","3","2","1","2"
"113",32,"1","02","Y","N","N","N","N","N","N","L",2006,"L","L","L","L","L","L","L","L","L","2","2",2008,"4","4","07","21","1","1","1","1","1","2","1","1","2"
"114",33,"3","07","L","L","L","L","L","L","L","1",2006,"L","L","L","L","L","L","L","L","L","L","1",2014,"4","4","L","L","1","1","2","1","2","2","1","1","1"
"115",35,"4","02","N","N","Y","N","N","N","N","1",2004,"L","L","L","L","L","L","L","L","L","L","1",2004,"4","4","03","23","2","1","2","1","2","1","1","2","1"
"116",29,"4","02","N","N","N","N","N","N","N","2",2009,"N","N","Y","N","Y","N","Y","N","Y","L","4",2013,"6","5","02","23","1","1","1","1","1","1","1","1","1"
"117",31,"4","03","N","N","Y","N","N","N","N","1",2008,"N","N","N","N","N","N","Y","N","N","L","2",2015,"2","2","04","21","1","1","2","2","1","2","1","1","3"
"118",33,"3","10","N","N","Y","N","Y","N","Y","1",2005,"L","L","L","L","L","L","L","L","L","L","2",2011,"3","5","06","12","2","2","1","1","2","1","1","1","1"
"119",34,"4","03","N","N","Y","N","N","N","N","2",2004,"L","L","L","L","L","L","L","L","L","L","2",2007,"4","2","03","21","2","2","1","1","2","1","1","2","1"
"120",31,"4","02","N","N","N","Y","Y","Y","N","1",2008,"L","L","L","L","L","L","L","L","L","L","2",2013,"2","2","07","21","2","2","2","1","2","1","1","1","2"
"121",34,"6","02","L","L","L","L","L","L","L","2",2008,"L","L","L","L","L","L","L","L","L","1","1",2008,"2","2","L","L","3","2","2","1","1","2","1","1","2"
"122",34,"4","08","Y","N","Y","N","N","N","N","1",2004,"L","L","L","L","L","L","L","L","L","L","2",2010,"7","6","05","21","2","1","1","4","1","4","1","1","4"
"123",34,"4","07","N","N","N","Y","Y","Y","N","2",2004,"L","L","L","L","L","L","L","L","L","L","2",2010,"5","4","05","32","1","2","1","1","2","2","2","1","1"
"124",35,"4","09","N","Y","N","Y","Y","N","Y","2",2004,"L","L","L","L","L","L","L","L","L","L","2",2009,"3","2","01","11","2","1","1","2","1","2","2","1","1"
"125",33,"4","12","N","Y","N","Y","Y","Y","N","2",2006,"L","L","L","L","L","L","L","L","L","L","1",2006,"3","2","01","21","2","1","1","1","2","1","1","1","2"
"126",30,"1","02","N","N","Y","N","N","N","N","L",2008,"L","L","L","L","L","L","L","L","L","L","2",2013,"2","1","01","21","1","1","1","1","1","1","1","1","1"
"127",30,"4","05","N","N","Y","N","N","N","N","1",2008,"N","N","Y","N","Y","N","Y","N","N","L","2",2014,"4","5","02","21","2","2","2","2","2","2","2","2","2"
"128",29,"4","02","N","N","N","N","N","N","N","1",2008,"L","L","L","L","L","L","L","L","L","L","4",2014,"6","2","03","11","2","1","2","1","1","1","1","1","2"
"129",31,"4","02","N","N","Y","N","Y","N","Y","2",2007,"L","L","L","L","L","L","L","L","L","L","2",2012,"5","5","03","12","2","2","1","2","2","2","1","2","2"
"130",35,"5","10","Y","Y","N","Y","Y","N","N","2",2003,"L","L","L","L","L","L","L","L","L","L","1",2011,"5","3","02","21","1","1","1","2","1","2","1","2","1"
"131",32,"4","02","N","N","Y","Y","Y","Y","N","2",2007,"Y","N","Y","N","Y","N","Y","N","N","L","3",2014,"6","4","09","21","1","4","1","2","1","2","2","4","1"
"132",32,"4","05","N","N","Y","N","N","N","N","1",2007,"L","L","L","L","L","L","L","L","L","L","1",2007,"2","3","04","31","2","2","2","2","2","2","2","2","2"
"133",34,"1","02","N","Y","N","Y","Y","N","N","1",2004,"L","L","L","L","L","L","L","L","L","L","2",2009,"5","6","05","32","1","1","1","2","1","1","1","1","2"
"134",31,"4","12","N","Y","Y","Y","Y","N","N","1",2007,"L","L","L","L","L","L","L","L","L","L","1",2007,"5","4","04","21","2","1","2","1","1","2","1","1","2"
"135",35,"4","05","L","L","L","L","L","L","L","1",2004,"L","L","L","L","L","L","L","L","L","L","1",2004,"2","3","L","L","1","1","1","1","1","1","1","1","1"
"136",32,"1","02","N","N","Y","N","N","N","N","2",2006,"N","N","N","N","N","N","N","N","Y","L","3",2014,"2","1","08","23","1","1","1","2","2","1","2","2","1"
"137",30,"4","02","N","Y","Y","Y","Y","N","N","1",2008,"N","N","N","N","N","N","Y","N","N","L","1",2008,"3","3","08","21","1","1","1","1","1","2","1","1","3"
"138",33,"1","02","Y","Y","N","Y","Y","N","N","2",2006,"L","L","L","L","L","L","L","L","L","L","1",2006,"7","4","05","21","2","2","1","2","3","3","2","3","1"
"139",30,"3","04","N","N","Y","N","N","N","N","1",2008,"Y","Y","N","N","N","N","Y","N","N","L","1",2008,"3","3","02","21","1","1","1","2","2","1","1","2","2"
"140",33,"1","02","N","N","N","N","N","N","N","2",2005,"Y","Y","N","N","Y","N","Y","N","N","L","4",2011,"6","4","02","21","1","1","1","1","1","1","1","1","1"
"141",32,"3","12","N","N","Y","N","N","N","N","1",2006,"L","L","L","L","L","L","L","L","L","L","2",2013,"4","3","01","21","1","1","1","1","1","1","1","1","1"
"142",35,"3","02","N","N","Y","N","N","N","N","1",2004,"N","N","N","N","N","N","Y","N","N","L","1",2004,"5","5","02","32","1","1","2","2","2","1","1","1","3"
"143",31,"4","02","Y","N","Y","N","N","N","N","L",2008,"Y","N","N","N","N","N","N","N","N","1","2",2010,"5","5","09","21","1","1","1","2","1","2","1","2","2"
"144",30,"4","04","N","N","N","N","N","N","N","2",2008,"N","N","N","N","N","N","N","N","Y","L","4",2012,"7","5","05","21","3","3","2","2","2","2","2","2","2"
"145",30,"1","12","L","L","L","L","L","L","L","2",2008,"L","L","L","L","L","L","L","L","L","L","1",2008,"7","4","L","L","2","1","2","1","1","3","2","1","2"
"146",30,"1","09","N","N","Y","N","N","N","N","2",2008,"L","L","L","L","L","L","L","L","L","L","1",2008,"8","1","02","21","2","1","2","2","1","2","1","1","3"
"147",33,"6","05","N","Y","N","Y","Y","N","Y","1",2007,"N","Y","N","N","Y","N","N","N","N","L","2",2010,"5","3","02","12","2","1","1","1","1","1","1","1","1"
"148",29,"4","02","N","Y","Y","Y","Y","N","N","2",2008,"L","L","L","L","L","L","L","L","L","L","1",2008,"3","3","02","32","1","2","1","2","2","1","1","2","2"
"149",35,"3","06","N","N","Y","Y","Y","Y","N","1",2004,"N","Y","Y","N","Y","N","Y","N","N","L","1",2004,"3","4","05","21","1","1","2","2","1","2","2","1","2"
"150",34,"4","02","L","L","L","L","L","L","L","1",2003,"L","L","L","L","L","L","L","L","L","L","2",2008,"3","4","L","L","1","1","1","1","1","1","1","1","1"
"151",32,"4","02","N","N","N","Y","Y","Y","N","1",2006,"N","N","N","N","N","N","Y","N","Y","L","3",2014,"4","4","05","23","3","1","2","2","2","2","1","2","1"
"152",34,"4","02","N","N","N","Y","Y","Y","N","2",2006,"L","L","L","L","L","L","L","L","L","L","3",2012,"3","2","03","11","1","1","1","2","1","2","2","1","1"
"153",34,"4","03","N","N","Y","N","Y","N","Y","2",2005,"L","L","L","L","L","L","L","L","L","L","1",2005,"2","3","03","12","2","1","2","2","1","2","2","1","2"
"154",32,"4","06","N","N","Y","N","N","N","N","1",2006,"N","Y","N","N","N","N","Y","N","N","L","4",2015,"2","4","09","21","2","1","1","1","1","3","1","1","1"
"155",31,"4","02","N","Y","N","Y","Y","N","N","1",2007,"N","N","Y","N","N","N","N","N","N","L","1",2007,"5","5","07","21","2","1","2","2","2","2","1","1","2"
"156",35,"4","02","N","N","Y","N","N","N","N","1",2004,"L","L","L","L","L","L","L","L","L","L","1",2004,"5","5","07","31","2","1","1","1","1","1","2","1","1"
"157",33,"4","12","N","N","Y","N","N","N","N","2",2006,"L","L","L","L","L","L","L","L","L","L","1",2006,"7","5","02","21","2","1","2","1","2","2","1","1","2"
"158",33,"4","06","N","Y","Y","Y","Y","N","N","2",2006,"N","N","N","N","N","N","Y","N","N","L","1",2006,"4","4","02","21","1","1","1","1","1","2","2","2","1"
"159",34,"4","12","N","N","Y","N","N","N","N","2",2004,"L","L","L","L","L","L","L","L","L","L","1",2004,"7","5","02","21","2","2","2","2","2","2","2","2","1"
"160",31,"4","02","N","Y","Y","Y","Y","N","N","2",2007,"N","N","N","N","N","N","Y","N","N","L","2",2012,"5","5","02","23","2","1","1","2","1","1","1","2","1"
"161",31,"4","04","Y","N","N","Y","Y","Y","N","1",2008,"L","L","L","L","L","L","L","L","L","L","3",2013,"4","5","05","21","2","1","2","2","2","2","1","1","2"
"162",32,"4","05","N","N","Y","N","N","N","N","2",2007,"Y","Y","Y","N","Y","N","Y","N","N","L","2",2008,"2","2","02","22","2","2","1","2","1","2","2","2","1"
"163",35,"4","05","Y","N","Y","N","N","N","N","2",2005,"L","L","L","L","L","L","L","L","L","L","1",2005,"1","3","06","21","2","2","1","1","2","2","2","3","2"
"164",35,"4","02","N","N","Y","N","N","N","N","1",2004,"L","L","L","L","L","L","L","L","L","L","1",2004,"3","4","05","21","1","2","1","2","4","2","2","2","2"
"165",35,"1","02","L","L","L","L","L","L","L","L",2003,"L","L","L","L","L","L","L","L","L","2","2",2005,"4","5","L","L","2","1","2","1","1","2","2","1","1"
"166",35,"4","04","N","N","Y","N","N","N","N","1",2009,"L","L","L","L","L","L","L","L","L","L","1",2009,"2","3","07","22","2","1","2","2","2","3","2","1","2"
"167",32,"4","03","N","N","N","N","Y","N","Y","1",2006,"L","L","L","L","L","L","L","L","L","L","2",2008,"1","1","07","22","2","1","1","1","1","1","1","1","1"
"168",31,"4","03","N","N","Y","N","N","N","N","2",2007,"Y","Y","N","N","N","N","Y","N","N","L","4",2011,"5","5","04","21","1","1","2","2","3","1","1","2","3"
"169",34,"4","02","N","N","Y","N","N","N","N","1",2005,"L","L","L","L","L","L","L","L","L","L","1",2005,"3","3","05","21","1","1","2","2","1","2","1","1","2"
"170",35,"4","02","N","Y","N","Y","Y","N","N","1",2006,"L","L","L","L","L","L","L","L","L","L","1",2006,"5","4","07","21","2","1","3","3","2","3","1","1","2"
"171",30,"4","03","N","N","Y","N","N","N","N","1",2008,"L","L","L","L","L","L","L","L","L","L","1",2008,"1","1","09","21","1","1","1","1","2","1","1","1","2"
"172",34,"4","03","N","N","Y","N","N","N","N","1",2006,"L","L","L","L","L","L","L","L","L","L","1",2006,"6","5","05","21","1","1","1","1","1","1","1","1","1"
"173",32,"3","02","Y","N","Y","N","N","N","N","2",2008,"N","N","N","N","N","N","Y","N","N","L","1",2008,"7","7","05","31","1","1","1","2","2","1","1","1","2"
"174",31,"4","02","N","N","Y","N","N","N","N","1",2007,"L","L","L","L","L","L","L","L","L","L","3",2011,"7","3","05","23","1","1","1","1","2","1","1","1","1"
"175",35,"4","10","N","N","Y","N","N","N","N","1",2007,"L","L","L","L","L","L","L","L","L","L","4",2012,"3","4","09","21","3","3","2","1","2","2","2","2","1"
"176",35,"1","02","N","N","N","Y","Y","Y","Y","L",2002,"N","Y","Y","N","Y","N","Y","N","N","1","3",2009,"5","5","03","11","2","1","2","1","1","2","1","2","1"
"177",35,"4","03","N","Y","Y","Y","Y","N","N","1",2004,"N","N","N","N","N","N","Y","N","N","L","1",2004,"5","3","03","21","1","1","1","2","2","1","1","1","2"
"178",34,"4","08","N","N","N","N","N","N","N","1",2004,"N","Y","N","N","N","N","Y","N","N","L","2",2012,"2","2","03","11","2","1","1","2","2","2","2","2","2"
"179",35,"4","04","N","N","N","Y","Y","Y","N","1",2004,"L","L","L","L","L","L","L","L","L","L","1",2004,"3","2","06","11","1","1","1","2","3","1","1","1","2"
"180",34,"4","02","N","Y","N","Y","Y","Y","N","1",2005,"N","Y","N","N","N","N","Y","N","N","L","1",2005,"2","3","03","21","2","1","1","1","1","1","1","1","1"
"181",34,"4","04","N","N","Y","N","N","N","N","1",2007,"L","L","L","L","L","L","L","L","L","L","2",2013,"4","3","05","31","1","1","2","1","2","2","1","2","2"
"182",35,"1","07","N","Y","N","Y","Y","Y","N","L",2005,"N","N","N","N","N","N","N","N","Y","1","3",2015,"4","2","05","32","1","1","1","1","1","1","1","1","1"
"183",35,"4","02","Y","N","N","Y","Y","Y","N","2",2003,"L","L","L","L","L","L","L","L","L","L","3",2011,"7","6","09","21","2","1","1","1","1","2","1","2","1"
"184",33,"4","02","N","N","N","N","Y","N","Y","2",2006,"L","L","L","L","L","L","L","L","L","L","1",2006,"7","7","09","12","2","1","2","2","1","2","2","2","1"
"185",32,"1","04","N","N","Y","N","N","N","N","2",2006,"L","L","L","L","L","L","L","L","L","L","1",2006,"1","3","05","11","1","1","2","1","1","2","1","2","2"
"186",30,"1","02","N","N","N","N","N","N","N","1",2008,"L","L","L","L","L","L","L","L","L","L","4",2015,"4","2","09","21","1","1","2","2","1","2","1","1","1"
"187",33,"4","04","N","Y","N","Y","Y","N","N","1",2005,"N","N","Y","N","N","N","N","N","N","L","2",2007,"5","4","09","22","2","1","1","1","1","2","1","2","2"
"188",33,"4","04","N","N","N","Y","Y","Y","Y","2",2005,"L","L","L","L","L","L","L","L","L","L","3",2013,"4","4","09","11","1","1","1","1","1","1","1","1","2"
"189",35,"1","02","Y","N","N","Y","Y","Y","N","2",2003,"N","Y","Y","N","Y","N","Y","N","N","L","3",2007,"5","5","09","21","1","1","1","1","1","1","1","1","1"
"190",34,"4","02","N","N","Y","N","N","N","N","2",2005,"N","Y","N","Y","Y","N","Y","N","N","L","4",2010,"3","2","07","21","2","1","1","1","1","1","1","2","1"
"191",35,"4","02","N","N","Y","N","N","N","N","1",2003,"L","L","L","L","L","L","L","L","L","L","1",2003,"4","4","08","21","2","1","1","1","2","2","2","2","1"
"192",34,"4","06","N","N","Y","N","N","N","N","1",2004,"Y","Y","N","N","Y","N","Y","N","N","L","1",2004,"6","3","08","22","2","2","1","1","1","1","2","2","2"
"193",35,"4","02","N","N","Y","N","N","N","N","1",2005,"L","L","L","L","L","L","L","L","L","L","1",2005,"4","3","08","21","2","2","2","1","1","2","2","3","1"
"194",31,"4","05","N","Y","Y","Y","Y","N","N","1",2007,"Y","Y","Y","N","Y","N","Y","N","N","L","4",2011,"4","4","01","22","1","3","1","1","1","1","2","3","2"
"195",35,"4","07","N","N","N","Y","Y","Y","N","2",2004,"Y","N","N","Y","N","N","Y","N","N","L","3",2015,"5","5","05","32","1","2","1","1","1","3","2","2","1"
"196",33,"4","03","N","N","N","Y","Y","Y","Y","1",2006,"N","Y","N","N","Y","N","Y","N","Y","L","3",2015,"5","5","05","11","2","2","1","1","3","1","2","1","2"
"197",32,"4","06","N","N","N","N","Y","N","Y","2",2007,"N","N","N","N","N","N","Y","N","Y","L","4",2012,"5","5","08","23","2","2","2","2","2","2","2","2","1"
"198",35,"4","04","N","N","Y","N","N","N","N","2",2003,"N","N","N","N","N","N","Y","N","N","L","4",2007,"6","5","07","31","1","1","1","1","1","1","1","1","1"
"199",32,"4","03","N","N","Y","N","N","N","N","1",2006,"L","L","L","L","L","L","L","L","L","L","1",2006,"4","3","05","21","2","1","1","2","1","3","1","2","2"
"200",33,"4","04","N","N","Y","N","N","N","N","1",2006,"N","N","N","N","N","N","Y","N","N","L","2",2010,"6","4","05","32","2","1","1","1","1","1","2","1","1"
"201",28,"4","02","N","N","N","N","Y","N","Y","1",2008,"N","N","Y","N","Y","N","N","N","N","L","2",2009,"2","3","05","12","1","1","1","2","1","1","1","1","1"
"202",33,"6","02","Y","N","N","Y","Y","Y","N","1",2005,"N","N","N","N","N","Y","N","N","N","L","1",2005,"7","7","09","11","2","1","1","2","1","2","1","2","4"
"203",32,"3","02","N","N","N","N","N","N","N","1",2008,"L","L","L","L","L","L","L","L","L","L","1",2008,"8","4","05","21","2","1","2","2","2","2","1","2","2"
"204",32,"4","02","L","L","L","L","L","L","L","1",2006,"L","L","L","L","L","L","L","L","L","L","1",2006,"5","4","L","L","1","1","2","2","2","2","1","2","1"
"205",35,"4","02","N","N","Y","N","N","N","N","1",2005,"Y","N","N","N","N","N","Y","N","N","L","2",2014,"4","5","04","21","2","2","1","1","1","2","2","2","2"
"206",33,"1","02","N","Y","N","Y","Y","Y","N","L",2001,"L","L","L","L","L","L","L","L","L","2","2",2008,"4","4","03","21","1","1","1","1","2","1","1","1","1"
"207",34,"4","03","N","Y","N","Y","Y","N","Y","2",2004,"N","Y","N","N","Y","N","Y","N","N","L","1",2004,"2","3","03","22","2","2","2","1","1","2","2","2","2"
"208",33,"6","02","N","N","Y","N","N","N","N","1",2005,"N","N","N","N","N","N","Y","N","N","L","2",2013,"3","3","03","21","1","2","1","2","1","2","1","2","2"
"209",31,"4","07","L","L","L","L","L","L","L","1",2008,"L","L","L","L","L","L","L","L","L","L","2",2013,"3","2","L","L","2","1","1","2","1","2","1","3","1"
"210",35,"4","03","L","L","L","L","L","L","L","1",2002,"L","L","L","L","L","L","L","L","L","L","2",2009,"4","4","L","L","1","1","1","1","2","2","1","1","2"
"211",34,"4","04","N","N","N","N","Y","N","Y","2",2005,"L","L","L","L","L","L","L","L","L","L","2",2009,"4","3","03","12","2","2","1","1","2","1","2","2","1"
"212",33,"4","05","N","N","Y","N","N","N","N","1",2005,"Y","Y","N","N","N","N","Y","N","N","L","3",2015,"4","4","03","12","1","1","1","1","2","1","1","1","1"
"213",33,"4","04","N","N","Y","N","N","N","N","2",2006,"N","N","N","N","N","N","Y","N","N","L","1",2006,"3","4","03","21","2","1","1","2","1","2","1","1","2"
"214",32,"4","11","L","L","L","L","L","L","L","2",2006,"L","L","L","L","L","L","L","L","L","L","1",2006,"2","2","L","L","2","2","1","2","1","2","2","1","1"
"215",33,"1","02","N","N","N","N","N","N","N","L",2006,"L","L","L","L","L","L","L","L","L","2","2",2010,"4","3","03","21","2","2","2","2","2","2","2","2","2"
"216",33,"1","02","N","N","Y","Y","Y","Y","N","L",2005,"N","N","N","N","Y","N","N","N","N","2","2",2008,"2","1","03","11","1","1","1","2","2","1","1","1","1"
"217",34,"4","02","N","N","Y","N","N","N","N","2",2005,"L","L","L","L","L","L","L","L","L","L","2",2008,"5","5","03","31","1","1","1","1","1","1","1","1","1"
"218",32,"4","07","Y","Y","N","Y","Y","N","N","1",2006,"N","Y","N","Y","N","N","Y","N","N","L","1",2006,"4","3","04","21","2","2","1","1","1","2","1","2","2"
"219",35,"4","05","N","N","Y","N","N","N","N","1",2004,"L","L","L","L","L","L","L","L","L","L","1",2004,"3","3","04","21","2","1","2","2","2","2","1","1","2"
"220",33,"4","02","N","Y","Y","Y","Y","N","N","2",2007,"L","L","L","L","L","L","L","L","L","L","3",2012,"5","4","09","21","1","1","1","2","3","2","1","2","3"
"221",35,"4","05","N","N","Y","N","N","N","N","1",2003,"L","L","L","L","L","L","L","L","L","L","1",2003,"3","4","04","21","1","1","1","1","2","1","1","1","2"
"222",34,"3","07","N","N","N","N","N","N","N","2",2007,"L","L","L","L","L","L","L","L","L","L","1",2007,"2","3","04","21","1","1","3","1","2","1","1","1","1"
"223",34,"4","04","N","N","N","Y","Y","Y","Y","1",2005,"L","L","L","L","L","L","L","L","L","L","2",2008,"7","4","06","11","2","2","1","1","2","2","2","2","1"
"224",32,"1","02","N","N","N","N","N","N","N","1",2007,"Y","N","N","N","N","N","Y","N","N","1","2",2016,"4","4","09","21","1","1","1","1","1","1","1","1","1"
"225",33,"4","05","N","N","N","Y","Y","Y","N","1",2007,"L","L","L","L","L","L","L","L","L","L","1",2007,"5","4","07","21","2","2","2","2","2","2","2","2","2"
"226",30,"4","07","L","L","L","L","L","L","L","2",2008,"L","L","L","L","L","L","L","L","L","L","2",2009,"2","2","L","L","2","1","2","2","1","2","1","2","2"
"227",32,"3","02","N","N","Y","N","N","N","N","1",2005,"L","L","L","L","L","L","L","L","L","L","2",2008,"3","5","05","31","1","1","1","1","1","1","1","1","1"
"228",31,"4","02","N","Y","Y","Y","Y","N","N","2",2008,"N","N","N","N","N","N","N","N","Y","L","2",2015,"4","5","08","21","1","2","1","1","1","1","2","1","1"
"229",33,"4","05","N","N","Y","N","N","N","N","2",2005,"L","L","L","L","L","L","L","L","L","L","2",2009,"4","5","01","21","1","2","2","3","3","3","1","2","4"
"230",33,"4","02","L","L","L","L","L","L","L","2",2005,"L","L","L","L","L","L","L","L","L","L","2",2016,"7","5","L","L","1","1","2","2","3","2","1","2","2"
"231",33,"4","06","N","N","N","N","Y","N","Y","1",2006,"L","L","L","L","L","L","L","L","L","L","2",2007,"5","4","01","21","2","2","1","2","1","2","1","2","2"
"232",30,"4","05","N","N","Y","N","Y","N","Y","1",2008,"L","L","L","L","L","L","L","L","L","L","2",2012,"5","4","01","12","2","1","2","2","1","2","2","1","2"
"233",34,"1","02","N","N","Y","N","N","N","N","L",2004,"L","L","L","L","L","L","L","L","L","2","2",2006,"4","4","03","21","1","2","2","2","2","2","1","1","2"
"234",35,"4","02","Y","N","N","N","N","N","N","1",2003,"N","Y","N","N","Y","N","Y","N","N","L","4",2007,"5","5","03","21","3","1","3","2","1","3","1","1","2"
"235",35,"1","04","Y","N","Y","N","N","N","N","L",2003,"L","L","L","L","L","L","L","L","L","2","2",2016,"4","5","05","21","1","1","1","1","2","1","1","1","2"
"236",33,"4","02","L","L","L","L","L","L","L","2",2005,"L","L","L","L","L","L","L","L","L","L","4",2013,"3","3","L","L","2","2","1","2","2","2","1","2","2"
"237",35,"1","03","L","L","L","L","L","L","L","2",2006,"L","L","L","L","L","L","L","L","L","2","3",2013,"2","1","L","L","2","1","1","1","2","2","2","1","1"
"238",33,"4","02","N","N","Y","N","N","N","N","2",2006,"L","L","L","L","L","L","L","L","L","L","1",2006,"4","4","04","11","2","1","2","2","1","2","2","1","1"
"239",32,"1","05","L","L","L","L","L","L","L","1",2007,"L","L","L","L","L","L","L","L","L","L","1",2007,"3","4","L","L","2","2","2","3","2","2","2","1","3"
"240",32,"4","05","N","N","Y","N","Y","N","Y","1",2008,"L","L","L","L","L","L","L","L","L","L","2",2016,"2","2","06","12","2","2","2","2","2","2","2","1","2"
"241",33,"1","03","Y","N","N","N","N","N","N","L",2005,"L","L","L","L","L","L","L","L","L","2","1",2005,"5","2","02","21","1","1","1","1","1","1","1","1","1"
"242",32,"4","03","N","N","Y","N","Y","N","Y","1",2008,"L","L","L","L","L","L","L","L","L","L","1",2008,"2","2","04","12","2","1","1","1","1","2","1","1","2"
"243",35,"4","03","L","L","L","L","L","L","L","2",2003,"L","L","L","L","L","L","L","L","L","L","2",2008,"4","5","L","L","2","4","2","2","1","2","2","3","1"
"244",35,"4","04","N","N","N","N","Y","N","Y","2",2004,"L","L","L","L","L","L","L","L","L","L","3",2013,"2","3","01","11","2","2","1","1","2","1","2","2","1"
"245",32,"4","05","N","N","Y","N","N","N","N","2",2007,"L","L","L","L","L","L","L","L","L","L","1",2007,"4","5","02","21","2","3","2","1","1","2","2","2","3"
"246",33,"1","02","N","N","Y","N","N","N","N","2",2005,"L","L","L","L","L","L","L","L","L","L","1",2005,"5","1","02","21","2","1","2","2","2","2","1","1","2"
"247",33,"4","04","N","N","N","Y","Y","Y","N","1",2006,"Y","N","Y","N","Y","N","Y","N","N","L","2",2009,"2","2","02","12","2","1","2","1","1","2","1","1","1"
"248",35,"3","05","L","L","L","L","L","L","L","2",2005,"L","L","L","L","L","L","L","L","L","L","1",2005,"2","2","L","L","2","1","2","2","2","2","1","2","2"
"249",32,"4","04","N","N","Y","N","N","N","N","1",2007,"L","L","L","L","L","L","L","L","L","L","1",2007,"2","2","02","12","2","3","1","2","2","2","2","1","2"
"250",33,"4","02","Y","N","Y","N","N","N","N","1",2005,"Y","Y","Y","N","Y","N","Y","N","N","L","1",2005,"8","2","02","21","1","1","1","2","1","1","1","2","2"
"251",33,"1","02","N","Y","Y","Y","Y","N","N","L",2003,"N","N","Y","N","Y","N","N","N","N","2","2",2006,"5","5","02","23","1","1","1","1","1","1","2","1","2"
"252",30,"4","12","N","N","Y","N","N","N","N","2",2008,"Y","Y","N","N","N","N","N","N","N","L","4",2011,"4","4","02","21","2","2","2","2","1","2","1","3","1"
"253",34,"6","02","N","N","Y","Y","Y","Y","N","2",2004,"L","L","L","L","L","L","L","L","L","L","1",2004,"7","4","09","21","2","1","2","2","1","2","1","1","2"
"254",35,"3","08","N","N","Y","N","N","N","N","2",2003,"L","L","L","L","L","L","L","L","L","L","1",2003,"2","2","02","21","1","1","1","1","1","1","1","1","1"
"255",35,"1","02","N","Y","Y","Y","Y","N","N","L",2003,"L","L","L","L","L","L","L","L","L","1","2",2009,"2","1","02","21","1","1","2","1","1","2","1","1","2"
"256",32,"4","06","N","N","N","N","Y","N","Y","1",2006,"N","N","N","N","N","N","Y","N","Y","L","3",2017,"4","3","02","11","2","2","2","2","1","2","1","1","2"
"257",34,"4","04","N","Y","Y","Y","Y","N","N","1",2004,"L","L","L","L","L","L","L","L","L","L","1",2004,"2","1","02","21","3","1","2","3","1","2","1","1","2"
"258",30,"4","05","N","N","Y","N","Y","N","Y","1",2008,"L","L","L","L","L","L","L","L","L","L","2",2013,"2","3","02","12","2","1","2","1","1","2","1","1","2"
"259",33,"4","02","N","N","Y","N","Y","N","Y","2",2005,"L","L","L","L","L","L","L","L","L","L","3",2009,"6","7","09","11","2","2","1","1","2","1","2","2","1"
"260",35,"3","04","N","N","Y","N","Y","N","Y","1",2004,"L","L","L","L","L","L","L","L","L","L","3",2013,"4","4","01","11","1","1","1","1","1","1","1","1","3"
"261",35,"6","04","N","N","Y","N","N","N","N","1",2003,"L","L","L","L","L","L","L","L","L","L","1",2003,"5","4","05","31","2","1","2","2","1","2","1","1","2"
"262",32,"4","09","N","N","Y","N","N","N","N","2",2007,"L","L","L","L","L","L","L","L","L","L","1",2007,"2","3","03","11","2","1","2","1","1","2","1","1","1"
"263",35,"3","06","N","Y","N","Y","Y","N","N","1",2004,"L","L","L","L","L","L","L","L","L","L","1",2004,"2","2","03","21","1","1","1","1","1","1","1","1","3"
"264",31,"4","06","N","Y","N","Y","Y","N","N","1",2007,"N","N","N","N","N","N","N","N","Y","L","4",2011,"5","5","01","23","1","2","1","1","1","1","2","2","1"
"265",30,"4","02","N","Y","Y","Y","Y","N","N","1",2008,"L","L","L","L","L","L","L","L","L","L","1",2008,"5","4","08","21","1","2","1","1","1","1","2","2","1"
"266",32,"6","02","N","N","N","N","N","N","N","1",2008,"L","L","L","L","L","L","L","L","L","L","1",2008,"8","8","07","12","1","1","1","2","1","2","1","1","2"
"267",30,"4","02","N","N","Y","N","N","N","N","1",2008,"N","Y","N","N","Y","N","N","N","N","L","2",2014,"5","5","03","21","2","1","2","3","1","2","1","1","2"
"268",30,"1","02","N","Y","Y","Y","Y","N","N","L",2007,"Y","N","N","N","N","N","N","N","N","2","2",2009,"2","2","07","21","1","2","1","1","3","1","2","3","2"
"269",32,"4","03","N","N","N","Y","Y","Y","N","1",2006,"L","L","L","L","L","L","L","L","L","L","1",2008,"7","4","09","31","3","2","2","2","1","3","2","1","3"
"270",35,"4","04","N","N","Y","N","N","N","N","1",2004,"L","L","L","L","L","L","L","L","L","L","1",2004,"8","2","02","21","1","1","2","2","1","2","1","1","2"
"271",32,"4","06","N","Y","Y","Y","Y","N","N","1",2008,"N","Y","N","Y","N","N","N","N","N","L","1",2008,"1","2","05","21","1","2","2","2","1","2","2","2","2"
"272",32,"4","06","N","N","N","N","Y","N","Y","2",2007,"Y","N","N","N","N","N","N","N","N","L","2",2009,"2","5","02","11","2","2","1","1","2","1","2","1","1"
"273",35,"3","06","N","N","Y","N","N","N","N","2",2007,"L","L","L","L","L","L","L","L","L","L","1",2007,"2","2","05","23","1","1","2","1","1","2","1","1","2"
"274",30,"4","02","N","Y","N","Y","Y","N","N","1",2008,"L","L","L","L","L","L","L","L","L","L","1",2008,"4","4","06","21","2","2","2","3","1","2","2","2","2"
"275",34,"4","04","N","N","N","N","Y","N","Y","1",2005,"L","L","L","L","L","L","L","L","L","L","2",2006,"5","5","06","12","2","2","2","3","1","3","2","1","1"
"276",35,"4","02","N","Y","N","Y","Y","N","N","1",2005,"L","L","L","L","L","L","L","L","L","L","1",2005,"4","5","06","21","1","2","2","2","1","2","2","1","2"
"277",35,"4","02","N","N","Y","N","Y","N","Y","2",2004,"L","L","L","L","L","L","L","L","L","L","1",2004,"5","5","05","11","2","1","1","2","2","1","2","2","1"
"278",34,"4","02","L","L","L","L","L","L","L","L",2007,"L","L","L","L","L","L","L","L","L","L","1",2007,"4","4","L","L","L","L","L","L","L","L","L","L","L"
"279",30,"4","06","L","L","L","L","L","L","L","1",2008,"L","L","L","L","L","L","L","L","L","L","1",2008,"5","3","L","L","2","3","2","3","1","3","2","2","2"
"280",35,"4","03","N","Y","Y","Y","Y","N","N","1",2005,"L","L","L","L","L","L","L","L","L","L","2",2007,"3","3","07","21","1","1","1","1","1","1","1","1","1"
"281",35,"4","03","N","Y","N","Y","Y","Y","N","1",2004,"Y","Y","N","N","N","N","Y","N","N","L","3",2009,"2","3","08","21","1","1","1","1","2","1","2","1","1"
"282",31,"4","02","L","L","L","L","L","L","L","1",2008,"L","L","L","L","L","L","L","L","L","L","1",2008,"1","1","L","L","1","2","1","2","1","2","1","1","2"
"283",32,"4","02","N","N","N","N","Y","N","Y","2",2006,"L","L","L","L","L","L","L","L","L","L","4",2014,"4","4","07","11","2","1","1","1","1","1","2","1","1"
"284",34,"4","04","N","Y","N","Y","Y","N","N","1",2004,"L","L","L","L","L","L","L","L","L","L","1",2004,"4","4","07","21","2","2","2","2","2","2","2","2","3"
"285",33,"4","04","N","N","Y","N","Y","N","Y","1",2006,"L","L","L","L","L","L","L","L","L","L","1",2006,"4","4","07","12","3","2","2","1","1","1","3","1","1"
"286",31,"4","02","N","N","N","N","N","N","N","2",2008,"Y","Y","N","N","Y","N","Y","N","N","L","1",2008,"4","4","08","23","2","1","1","2","1","2","2","1","1"
"287",35,"6","02","N","N","Y","N","N","N","N","2",2005,"L","L","L","L","L","L","L","L","L","L","4",2010,"5","4","08","11","2","1","2","2","1","2","1","1","1"
